Subject,Systolic,Diastolic,Pulse,Height,Weight,BMI,MRI_Exam,age,genotype,sex,Risk,risk_for_ad,MOCA_TOTAL,Im_BensonTotal,Delay_BensonTotal,Composite_Pleasantness,Composite_Intensity,Composite_Familiarity,Composite_Nameability,PrecentCorrectRecall,Recognized,AVLT_Trial7,RAVLT_IMMEDIATE,RAVLT_LEARNING,RAVLT_FORGETTING,fwd_total_correct,fwd_max_length,bckwds_total_correct,bckwds_max_length,trailA,trailB,trailDiff,num,fluency_4x,letter_fluency,ufov1,ufov2,ufov3
AD_DECODE1,120,78,71,182.5,92.08,27.64646275,2110,40,APOE33,M,None,0,30,15,16,6,5.75,5.75,4.666666667,71.42857143,71.42857143,15,60,10,0,11,8,9,7,15,40,25,13,12,18,17,27,60
AD_DECODE11,138,81,104,167.64,99.7903,35.50855701,2363,72,APOE34,F,None,0,26,16,13,5.583333333,5.916666667,6.166666667,5.916666667,100,71.42857143,12,52,7,1,12,9,12,8,30,49,19,53,18.25,30,17,63,143
AD_DECODE13,139,81,82,172.72,99.7903,33.45053511,2373,41,APOE33,F,Familial,1,29,16,12,5.25,5.25,5.166666667,4.416666667,71.42857143,57.14285714,9,49,11,6,13,9,13,8,30,49,19,63,19.25,39,17,90,93
AD_DECODE14,134,82,75,162.56,77.5643,29.35178356,2386,42,APOE34,F,Familial,1,26,16,13,5.166666667,5.416666667,5.583333333,5.5,71.42857143,71.42857143,10,47,6,2,7,6,8,5,35,83,48,51,20.25,37,17,80,137
AD_DECODE15,140,81,60,157.48,70.3068,28.34957283,2390,45,APOE44,F,Familial,1,24,15,15,4.75,4.583333333,4.25,3.666666667,100,85.71428571,4,36,7,6,9,7,8,6,26,54,28,48,12.75,22,17,30,30
AD_DECODE16,133,77,72,171.5,68,23.11961853,2231,21,APOE33,M,Familial,1,30,16,14,3.75,4.416666667,3.75,3.833333333,100,85.71428571,7,53,7,6,9,7,8,5,19,30,11,59,14.5,30,17,24,60
AD_DECODE17,101,81,93,180.34,104.326,32.07808439,2402,50,APOE23,M,Familial,1,30,16,17,4.416666667,3.333333333,4.25,3.333333333,100,71.42857143,11,52,8,2,12,8,9,6,28,52,24,52,18.5,36,17,63,63
AD_DECODE18,118,95,65,167.64,117.934,41.96466152,2410,64,APOE33,F,None,0,28,16,15,6.166666667,6.083333333,4.666666667,4.25,100,85.71428571,6,31,5,3,7,6,8,6,40,84,44,48,12,19,17,150,150
AD_DECODE19,142,82,65,152.4,68.946,29.6851427,2421,54,APOE34,F,Familial,1,30,16,13,5.583333333,5.916666667,6.166666667,5.916666667,100,71.42857143,12,52,7,1,12,9,12,8,30,49,19,53,18.25,30,17,63,143
AD_DECODE2,125,85,70,187.96,90.7185,25.67822429,1912,36,APOE33,M,None,0,30,14,14,5.75,5,7,4.333333333,100,71.42857143,15,58,10,0,14,9,15,8,30,50,20,79,16.75,26,17,37,63
AD_DECODE20,119,80,70,165.1,68.0389,24.96106649,2424,48,APOE34,F,Familial,1,30,16,12,5.25,5.25,5.166666667,4.416666667,71.42857143,57.14285714,9,49,11,6,13,9,13,8,30,49,19,63,19.25,39,17,90,93
AD_DECODE21,123,88,61,167.64,68.0389,24.21040081,2446,42,APOE34,F,Familial,1,26,15,14,5.166666667,4.75,4.916666667,3.666666667,100,85.71428571,11,54,8,2,10,7,6,5,63,71,8,52,22.25,44,17,70,187
AD_DECODE22,128,81,66,171.45,58.967,20.06014437,2451,47,APOE33,F,Familial,1,29,16,13,5,5.166666667,5.083333333,4.416666667,100,71.42857143,15,57,7,1,14,9,14,8,44,73,29,59,15.75,28,17,67,90
AD_DECODE24,100,70,77,185.42,98.4295,28.62939203,2469,51,APOE33,M,None,0,30,15,15,5.583333333,5,5.833333333,4.25,100,85.71428571,12,55,4,0,5,5,12,8,23,53,30,50,21,39,17,53,163
AD_DECODE25,122,83,58,182.88,77.1107,23.05590742,2473,52,APOE33,M,None,0,29,14,14,5.416666667,5.416666667,6,5.5,100,100,11,51,10,4,12,8,10,6,33,58,25,52,16.5,29,17,177,137
AD_DECODE26,157,92,54,172.72,77.1107,25.84814534,2491,38,APOE34,M,Familial,1,28,16,15,4.75,6,6.583333333,4.916666667,100,100,14,56,8,1,11,8,11,7,19,39,20,67,17.5,35,17,30,87
AD_DECODE27,120,82,70,172.72,74.8427,25.08789295,2506,38,APOE33,F,Familial,1,30,16,16,4.75,4.916666667,5.083333333,4.25,42.85714286,42.85714286,13,54,10,2,10,8,10,7,17,38,21,79,21.5,41,17,37,67
AD_DECODE28,150,80,82,167.64,72.5748,25.82441804,2524,61,APOE33,F,Familial,1,30,15,16,5.416666667,6.333333333,6,6.5,100,85.71428571,12,43,9,2,7,6,6,5,20,64,44,59,22,39,17,50,107
AD_DECODE29A,120,72,65,175.26,65.7709,21.41253915,2535,76,APOE33,M,None,0,23,15,15,6.166666667,3.416666667,5.333333333,5.75,100,71.42857143,11,51,6,1,9,7,7,5,22,52,30,58,21.75,35,17,107,233
AD_DECODE3,139,81,82,182.88,117.934,35.26197253,2266,51,APOE23,M,None,0,25,15,12,6.416666667,4.333333333,6.083333333,5.333333333,100,85.71428571,11,44,10,1,8,7,6,4,28,66,38,55,11.5,27,17,50,117
AD_DECODE30,148,99,56,167.64,68.0389,24.21040081,2666,50,APOE34,M,Familial,1,30,15,12,5.5,5.666666667,5.583333333,5.083333333,100,71.42857143,11,57,6,3,12,8,11,7,35,52,17,62,17,34,17,48,80
AD_DECODE31,171,102,50,177.8,74.8427,23.67477898,2670,65,APOE44,M,MCI,2,20,13,1,5.083333333,4.416666667,4.083333333,2.416666667,100,100,0,30,2,6,12,9,8,6,30,85,55,38,21,39,17,163,213
AD_DECODE32,130,97,68,160.02,95.2544,37.19944956,2686,59,APOE33,F,Familial,1,21,14,13,6.5,6,5.916666667,5.916666667,100,85.71428571,8,56,4,5,9,7,7,5,29,62,33,64,16.5,29,17,83,83
AD_DECODE33,130,82,62,187.96,86.1826,24.39432015,2690,58,APOE34,M,Familial,1,28,13,10,5.333333333,5.666666667,5,5.083333333,100,85.71428571,5,46,4,6,14,9,7,6,43,66,23,48,17,27,17,57,117
AD_DECODE34,148,82,67,170.18,73.9356,25.52916222,2695,31,APOE44,F,Familial,1,27,15,14,5.416666667,3.583333333,6,5.583333333,100,100,10,53,9,4,7,6,9,6,33,96,63,46,17.25,29,17,57,147
AD_DECODE35,107,78,63,154.94,52.1631,21.72882739,2715,44,APOE34,F,Familial,1,30,14,16,6.083333333,5.583333333,6.083333333,5.5,100,85.71428571,15,69,5,0,14,9,12,8,27,56,29,47,13.5,25,17,93,93
AD_DECODE36,162,87,73,165.1,63.9565,23.46337829,2720,70,APOE23,F,Familial,1,29,15,15,6.583333333,6.5,6.25,5.333333333,100,71.42857143,13,47,9,0,6,6,6,5,29,62,33,54,21.25,44,17,143,250
AD_DECODE37,149,78,68,165.1,83.0074,30.45247984,2737,34,APOE34,F,Familial,1,30,16,13,5.75,5.5,5.25,4.5,100,85.71428571,11,56,7,2,12,9,10,7,25,56,31,52,11.75,23,17,87,87
AD_DECODE39,185,100,60,170.18,72.5748,25.05929271,2753,69,APOE33,M,Familial,1,27,11,15,4.083333333,3.666666667,4.166666667,4.333333333,100,85.71428571,6,26,4,2,9,7,7,5,54,113,59,35,20,28,17,220,333
AD_DECODE4,138,72,68,175.26,70.3068,22.88925813,2227,37,APOE33,M,None,0,27,16,16,4.666666667,3.75,4.083333333,2.666666667,42.85714286,71.42857143,8,39,9,4,10,8,6,4,21,47,26,77,15.5,32,17,30,107
AD_DECODE40,150,89,64,175.26,90.2649,29.38686722,2765,50,APOE33,F,Familial,1,29,14,15,3.416666667,4,4.583333333,3.75,100,85.71428571,13,59,5,0,13,9,12,7,19,90,71,50,14.75,31,17,97,110
AD_DECODE41,140,81,53,181.61,92.9864,28.1929108,2771,57,APOE34,F,Familial,1,29,16,16,5.416666667,5,4.833333333,3.5,71.42857143,71.42857143,10,62,5,4,11,8,12,7,33,51,18,46,17.5,27,17,123,180
AD_DECODE42,139,83,63,165.1,83.0074,30.45247984,2781,35,APOE34,F,Familial,1,30,16,17,4.666666667,4,5.083333333,4.5,100,71.42857143,13,53,8,1,13,9,9,6,26,63,37,68,18.5,25,17,17,43
AD_DECODE43,102,49,62,162.56,52.1631,19.73949382,2802,25,APOE34,F,Familial,1,29,16,16,4.166666667,3,3.75,3.333333333,71.42857143,71.42857143,15,51,9,1,10,9,6,4,161,561,400,80,16,34,17,40,60
AD_DECODE44,152,87,77,177.8,97.5224,30.84898415,2804,52,APOE33,F,Familial,1,30,16,14,1.916666667,2.333333333,3.25,3.25,71.42857143,57.14285714,10,42,7,2,7,6,7,5,170,420,250,74,18.25,35,17,40,87
AD_DECODE45,123,78,78,152.4,97.5224,41.98889509,2812,37,APOE23,F,Familial,1,29,16,14,5.833333333,4.416666667,2.25,1.666666667,66.66666667,80.95238095,11,48,6,1,8,6,10,7,56,85,29,50,14,18,17,67,83
AD_DECODE46,118,57,101,168,63.5,22.49858277,2813,32,APOE34,M,None,0,27,16,14,5.25,5.416666667,4.916666667,4.583333333,71.42857143,71.42857143,13,55,4,1,10,8,10,7,21,44,23,64,13,23,17,47,90
AD_DECODE47,119,66,56,152.4,62.5957,26.95098029,2817,57,APOE33,F,None,0,23,15,13,4.833333333,5.083333333,4.833333333,5.5,100,57.14285714,9,42,8,2,8,6,4,3,39,132,93,42,12.25,26,17,80,183
AD_DECODE48,145,90,72,180.34,99.7903,30.68345058,2842,36,APOE33,M,Familial,1,21,16,17,5.916666667,6.25,5.583333333,4.5,100,100,0,48,6,13,11,8,7,5,18,49,31,64,20.25,41,17,30,53
AD_DECODE49,135,67,67,160.02,58.967,23.02822696,2840,51,APOE34,F,Familial,1,28,16,14,5.25,5.416666667,4.916666667,4.583333333,71.42857143,71.42857143,13,55,4,1,10,8,10,7,21,44,23,64,13,23,17,47,90
AD_DECODE5,121,68,82,175.26,81.6466,26.58107186,2224,29,APOE33,M,Familial,1,30,16,14,4.75,5.583333333,5.583333333,4.666666667,100,85.71428571,13,52,7,1,8,6,6,4,26,43,17,62,19.75,29,17,46,40
AD_DECODE50B,110,80,60,182.88,85.2754,25.4971324,2871,52,APOE33,M,None,0,28,13,13,6.25,5.666666667,5.75,4.333333333,71.42857143,57.14285714,6,32,8,4,8,6,8,5,23,110,87,50,20,32,17,57,93
AD_DECODE51,121,81,75,170.18,88.4505,30.54100004,2877,44,APOE34,F,Familial,1,27,16,17,5.916666667,6.25,5.583333333,4.5,100,100,0,48,6,13,11,8,7,5,18,49,31,64,20.25,41,17,30,53
AD_DECODE52,150,100,75,170.18,131.542,45.42002847,2898,36,APOE34,F,Familial,1,29,16,17,4.416666667,4.5,4.666666667,4.083333333,100,85.71428571,10,52,9,5,8,7,6,4,20,52,32,59,17,25,17,67,77
AD_DECODE53A,119,79,73,162.56,90.7185,34.32957916,2926,40,APOE33,F,Familial,1,26,16,17,6.916666667,7,6.75,6,42.85714286,42.85714286,8,39,5,2,11,8,12,8,29,60,31,50,21,38,17,67,93
AD_DECODE54,123,87,58,180.34,78.0179,23.98888849,2938,53,APOE33,M,Familial,1,23,15,13,6.333333333,5.25,6.083333333,5.166666667,100,100,3,30,3,4,11,8,7,5,30,53,23,55,23.5,44,17,63,63
AD_DECODE55,157,91,56,164,69.8,25.9518144,2939,72,APOE33,M,None,0,30,16,11,4.333333333,4.666666667,4.416666667,3.5,42.85714286,57.14285714,1,18,3,4,14,9,14,8,24,79,55,44,18.75,33,17,73,173
AD_DECODE56,143,77,45,182.88,77.1107,23.05590742,2954,67,APOE34,M,Familial,1,26,15,7,4.666666667,4.083333333,2.916666667,2.666666667,100,71.42857143,3,32,8,7,11,8,7,6,36,104,68,50,18.75,40,17,93,110
AD_DECODE57,143,77,50,175.26,71.6676,23.33228359,2967,82,APOE33,F,AD,3,18,16,1,2.75,3.25,1.75,1.5,14.28571429,57.14285714,0,28,2,6,10,8,7,5,44,120,76,36,16.25,33,17,407,500
AD_DECODE58,138,72,47,172.72,72.5748,24.32767409,2987,74,APOE33,M,MCI,2,23,15,11,5.25,4.583333333,3.833333333,3.5,42.85714286,71.42857143,4,32,4,3,11,9,7,5,36,120,84,28,10.75,25,17,233,367
AD_DECODE59,152,78,69,165.1,96.1616,35.27829067,3010,68,APOE33,M,None,0,26,15,15,5,5.916666667,5.083333333,4.75,71.42857143,42.85714286,10,46,8,2,10,8,6,5,23,178,155,42,12.75,20,17,90,183
AD_DECODE6,120,80,72,183,81.6466,24.38012482,2320,31,APOE33,M,None,0,25,15,13,5.083333333,4.166666667,4.916666667,4.666666667,71.42857143,71.42857143,14,61,5,0,10,7,7,5,16.5,52,35.5,74,10,18,17,24,73
AD_DECODE60,119,72,86,173.99,81.6466,26.97053292,3017,68,APOE33,M,MCI,2,25,15,1,2.833333333,4.083333333,3.5,1.5,42.85714286,42.85714286,2,20,4,4,10,7,7,5,52,81,29,42,12.25,19,17,117,273
AD_DECODE61,102,78,65,192,88.4505,23.99373372,3028,42,APOE34,M,Familial,1,29,16,14,4.75,3.833333333,4.583333333,3.333333333,71.42857143,71.42857143,10,57,3,2,11,9,12,8,22,46,24,49,17.75,28,17,44,73
AD_DECODE62,140,93,85,162.56,89.8113,33.98627769,3033,31,APOE33,F,Familial,1,29,16,10,6.75,6,6.583333333,5.333333333,100,100,12,59,7,3,8,7,6,5,26,43,17,59,19.25,29,17,27,84
AD_DECODE63,158,89,78,158,62,24.8357635,3034,70,APOE23,F,None,0,26,16,17,5.416666667,5.083333333,5.25,4.5,100,71.42857143,11,45,9,2,7,6,9,6,41,125,84,35,12.75,17,17,270,330
AD_DECODE64,119,81,71,154.94,70.3,29.28385325,3045,45,APOE34,F,Familial,1,25,16,11,4.083333333,4.083333333,4.25,4,100,100,11,53,9,3,12,9,10,6,27,56,29,63,11.5,18,17,57,103
AD_DECODE65B,122,80,63,185.42,86.1826,25.06723535,3048,83,APOE34,M,AD,3,10,12,0,5.75,3.416666667,1.083333333,1.916666667,42.85714286,57.14285714,0,11,4,4,8,6,1,2,0,0,0,5,2.5,4,17,500,500
AD_DECODE66,120,89,56,170.18,68.0389,23.49309555,3069,41,APOE23,M,None,0,30,16,17,5,5.916666667,5.416666667,4,100,85.71428571,10,47,8,3,10,7,10,7,19,58,39,88,23.75,48,17,44,44
AD_DECODE67,143,81,53,190.5,81.65,22.49915611,3225,67.04444444,APOE44,M,Familial,1,28,15,16,5.166666667,4.333333333,4.833333333,4.916666667,71.42857143,57.14285714,10,45,7,2,8,6,9,6,27,63,36,44,16.5,24,17,70,113
AD_DECODE68,141,81,49,162.56,68.04,25.74761009,3265,71.25555556,APOE44,M,Familial,2,22,16,9,4.25,4,3.416666667,3.083333333,100,71.42857143,3,31,4,4,11,8,9,6,38,83,45,29,13.75,27,17,63,117
AD_DECODE69,129,78,63,190.5,70.31,19.37434986,3293,67.85555556,APOE34,M,Familial,1,29,16,10,3.833333333,3.833333333,3.666666667,3.833333333,100,71.42857143,7,61,4,4,11,8,10,6,49,91,42,40,19.75,37,17,63,130
AD_DECODE70,135,80,69,160.02,58.06,22.67401864,3308,64.45,APOE33,F,Familial,1,29,16,16,5.583333333,5.333333333,5.833333333,5.333333333,100,71.42857143,9,61,5,2,12,9,12,8,18,63,45,73,25,48,17,83,153
AD_DECODE71,151,65,62,167.6,83.91,29.87209574,3321,46.98888889,APOE33,F,Familial,1,30,15,16,5.916666667,6.166666667,5.583333333,4.25,100,85.71428571,14,99,3,1,9,7,8,5,16.5,40,23.5,56,27,55,17,17,150
AD_DECODE72,150,82,57,162.6,58.97,22.30437434,3343,69,APOE44,F,Familial,1,23,16,13,6.416666667,5.166666667,5.666666667,1.833333333,42.85714286,57.14285714,4,28,5,4,8,6,6,4,49,116,67,40,13.5,30,17,233,233
AD_DECODE74,134,80,58,175.26,86.19,28.06023255,3350,42.62222222,APOE33,M,Familial,1,28,16,14,4.583333333,5.833333333,4.916666667,2.833333333,71.42857143,83.33333333,10,45,6,1,7,6,8,5,27,62,35,59,12.75,23,17,50,120
AD_DECODE75,131,80,53,165.1,52.16,19.13565957,3378,65.40555556,APOE44,F,Familial,1,28,13,14,5.666666667,4.583333333,5.833333333,6.25,100,85.71428571,10,73,7,3,9,7,5,4,24,37,13,68,18.75,32,17,74,74
AD_DECODE76,152,81,51,183,86.2,25.73979516,3391,76,APOE34,M,Familial,1,29,16,17,3.166666667,2.083333333,2.583333333,4,100,61.9047619,4,32,6,6,9,7,7,5,44,102,58,57,12,22,17,117,253
AD_DECODE8,108,79,69,162.56,45.3592,17.16477066,2361,30,APOE34,F,Familial,1,28,16,16,4.916666667,4.916666667,4.75,3.666666667,100,100,0,34,8,11,9,7,13,8,51,123,72,71,19.75,37,17,77,130
AD_DECODE77,128,78,64,162.56,113.4,42.91268348,3394,60.31944444,APOE34,F,Familial,1,26,16,14,6.75,5.833333333,5.916666667,5.833333333,100,71.42857143,7,39,5,3,8,6,8,5,29,55,26,45,15.25,21,17,24,177
,,,,,,,,,,,,,,,,,,,,,,,,,,,,,,,,,,,,,,
,,,,,,,,,,,,,,,,,,,,,,,,,,,,,,,,,,,,,,
,,,,,,,,,,,,,,,,,,,,,,delayed_recall,recall score,trial5-trial1,trial7-trial5,,,,,,,,,,,,,